,target
0,1.4307971859
1,1.3914988931
2,1.3531960947
3,1.3137978019
4,1.2743995091
5,1.2360967106999998
6,1.1967984179
7,1.1584956195
8,1.1190973267
9,1.0796990339
10,1.0413962355
11,1.0019979426999999
12,0.9626996499200001
13,0.9243968515200001
14,0.8849985587200001
15,0.84669576032
16,0.8072974675200001
17,0.76799917472
18,0.72969637632
19,0.69029808352
20,0.6508997907199999
21,0.61259699232
22,0.57329869952
23,0.53499590112
24,0.49559760831999994
25,0.45619931552000004
26,0.41789651712
27,0.37849822431999997
28,0.33919993151999994
29,0.30089713312
30,0.26149884032
31,0.22319604191999998
32,0.18379774912
33,0.14449945632000002
34,0.10619665682
35,0.066798364023
36,0.028495565623
37,11.530097275
38,11.490798982000001
39,11.452496184000001
40,11.413097891
41,11.373699598
42,11.335396800000002
43,11.295998507
44,11.257695709000002
45,11.218397415999998
46,11.178999122999999
47,11.140696325
48,11.101298032
49,11.061999739
50,11.023696940999999
51,10.984298648
52,10.94599585
53,10.906597557000001
54,10.867299264000001
55,10.828996466
56,10.789598173
57,10.75019988
58,10.711897082
59,10.672498789
60,10.63419599
61,10.594897697999999
62,10.555499405
63,10.517196606
64,10.477798314
65,10.439495515
66,10.400197222000001
67,10.36079893
68,10.322496131
69,10.283097837
70,10.243799544
71,10.205496746
72,10.166098453
73,10.127795655
74,10.088397362
75,10.048999069
76,10.010696271
77,9.971397978099999
78,9.9319996853
79,9.8936968869
80,9.8542985941
81,9.815995795700001
82,9.7766975029
83,9.7372992101
84,9.6989964117
85,9.6595981189
86,9.6202998261
87,9.5819970277
88,9.5425987349
89,9.5042959365
90,9.4648976437
91,9.425499350900001
92,9.3871965525
93,9.3478982597
94,9.308499966900001
95,9.270197168500001
96,9.2307988757
97,9.1924960773
98,9.1531977845
99,9.1137994917
100,9.0754966933
101,9.0360984005
102,8.9977956021
103,8.9584973093
104,8.9190990154
105,8.880796217
106,8.841397924199999
107,8.8019996314
108,8.763696833
109,8.7243985402
110,8.686095741799999
111,8.646697449
112,8.6072991562
113,8.5689963578
114,8.529698065
115,8.4902997722
116,8.4519969738
117,8.412598681
118,8.3742958826
119,8.3349975898
120,8.295599297
121,8.2572964986
122,8.217898205800001
123,8.178499913
124,8.140197114600001
125,8.1008988218
126,8.062596023400001
127,8.0231977306
128,7.9837994378
129,7.945496639400001
130,7.9061983466
131,7.867895548200001
132,7.828497255399999
133,7.7890989626
134,7.7507961642
135,7.7114978714
136,7.6720995786
137,7.6337967802
138,7.5943984874
139,7.556095687899999
140,7.5166973951
141,7.477399102300001
142,7.4390963038999995
143,7.3996980111
144,7.3602997183
145,7.3219969199
146,7.2826986271
147,7.2443958287
148,7.2049975359000005
149,7.165599243099999
150,7.127296444700001
151,7.087998151900001
152,7.048599859099999
153,7.0102970607
154,6.9708987679
155,6.9325959695
156,6.8931976767
157,6.8538993839
158,6.8155965855
159,6.7761982927
160,6.737895494299999
161,6.6984972014999995
162,6.6591989087
163,6.6208961102999995
164,6.5814978175
165,6.5420995247
166,6.5037967263
167,6.4644984335
168,6.4260956351
169,6.3867973423
170,6.347399049500001
171,6.3090962511
172,6.2696979583
173,6.230399665499999
174,6.192096866
175,6.1526985732
176,6.1143957748
177,6.074997482000001
178,6.0356991892
179,5.9973963908000005
180,5.957998097999999
181,5.9185998051999995
182,5.880297006799999
183,5.8409987139999995
184,5.8025959155999995
185,5.7632976228
186,5.72389933
187,5.6855965316
188,5.6461982388
189,5.606899946
190,5.5685971476
191,5.529198854800001
192,5.4908960564
193,5.4514977636
194,5.4121994708
195,5.3738966724
196,5.334498379599999
197,5.2961955812
198,5.2567972884
199,5.2174989956
200,5.179096197200001
201,5.1397979044
202,5.1003996116
203,5.0620968132
204,5.0226985204000005
205,4.9843957219999995
206,4.9450974292000005
207,4.9056991364
208,4.867396338
209,4.8279980441
210,4.7886997513
211,4.7503969529
212,4.7109986601
213,4.6726958617
214,4.6332975689
215,4.5939992761
216,4.5555964777
217,4.5162981849
218,4.4768998921
219,4.4385970937
220,4.3991988009
221,4.3608960025
222,4.321597709700001
223,4.2821994169
224,4.2438966185
225,4.2044983257
226,4.1661955273
227,4.1268972344999995
228,4.0874989417
229,4.0491961433
230,4.0097978505
231,3.9704995576999997
232,3.9320967593000002
233,3.8927984665
234,3.8544956681
235,3.8150973752999997
236,3.7756990825
237,3.7373962841000004
238,3.6980979913
239,3.6586996985000004
240,3.6203969001
241,3.5809986073
242,3.5426958089
243,3.5033975161
244,3.4639992222000004
245,3.4256964238
246,3.386298131
247,3.3469998382
248,3.3085970398
249,3.2692987469999997
250,3.2309959486
251,3.1915976558
252,3.1521993630000003
253,3.1138965645999996
254,3.0745982718000002
255,3.0351999789999997
256,2.9968971806
257,2.9574988878
258,2.9191960894
259,2.8798977966000003
260,2.8404995038
261,2.8021967054
262,2.7627984126
263,2.7244956142000003
264,2.6850973214
265,2.6457990286
266,2.6074962302
267,2.5680979374
268,2.5286996446
269,2.4903968462
270,2.4510985534
271,2.412795755
272,2.3733974622
273,2.3339991694
274,2.295696371
275,2.2563980781999997
276,2.2169997854
277,2.178696987
278,2.1392986942
279,2.1009958947
280,2.0615976019
281,2.0222993091
282,1.9839965107
283,1.9445982178999999
284,1.9051999250999998
285,1.8668971266999999
286,1.8275988338999998
287,1.7892960355
288,1.7498977427000002
289,1.7104994499000001
290,1.6721966515
291,1.6328983587
292,1.5945955603
293,1.5551972675
294,1.5157989747
295,1.4774961762999999
296,1.4380978835
297,1.3987995907
298,1.3604967923
299,1.3210984995000001
300,1.2827957011
301,1.2433974083
302,1.2040991155
303,1.1657963170999999
304,1.1263980243
305,1.0869997315
306,1.0486969331
307,1.0093986403
308,0.97109584188
309,0.93169754907
310,0.8922992562700001
311,0.85399645787
312,0.81459816508
313,0.77529987227
314,0.7369970727799999
315,0.69759877997
316,0.65929598157
317,0.61989768877
318,0.58059939597
319,0.54229659757
320,0.50289830478
321,0.46459550638
322,0.42519721357
323,0.38589892078000004
324,0.34759612237
325,0.30819782956999997
326,0.26879953678
327,0.23049673838000004
328,0.19109844557
329,0.15279564718
330,0.11349735437000001
331,0.074099061575
332,0.035796263174999995
333,14.177397973
334,14.13809968
335,14.099796882
336,14.060398589000002
337,14.022095791
338,13.982697498
339,13.943399205
340,13.905096407
341,13.865698114
342,13.826299821
343,13.787997022999999
344,13.74859873
345,13.710295932000001
346,13.670997639000001
347,13.631599346
348,13.593296548
349,13.553898254000002
350,13.514599960999998
351,13.476297163
352,13.43689887
353,13.398596070999998
354,13.359197779
355,13.319899485999999
356,13.281596687
357,13.242198395
358,13.203895595999999
359,13.164497303
360,13.125099011
361,13.086796212000001
362,13.047497919000001
363,13.008099627
364,12.969796828
365,12.930398535
366,12.892095737
367,12.852797444
368,12.813399150999999
369,12.775096353
370,12.73569806
371,12.696399767
372,12.658096969
373,12.618698676
374,12.580395878
375,12.540997585
376,12.501599292
377,12.463296494000002
378,12.423998201
379,12.384599908
380,12.34629711
381,12.306898817
382,12.268596019
383,12.229297725999999
384,12.189899432
385,12.151596632999999
386,12.112198341
387,12.073895542
388,12.034597249
389,11.995198957000001
390,11.956896158
391,11.917497865
392,11.878099573
393,11.839796774000002
394,11.800498480999998
395,11.762195683
396,11.72279739
397,11.683399097
398,11.645096299
399,11.605798005999999
400,11.566399713
401,11.528096915
402,11.488698622000001
403,11.450395824000001
404,11.411097531
405,11.371699238
406,11.33339644
407,11.293998147
408,11.254599854
409,11.216297055999998
410,11.176998763
411,11.138695965
412,11.099297672
413,11.059899379
414,11.021596580999999
415,10.982298287999999
416,10.943995489
417,10.904597197000001
418,10.865198904000001
419,10.826896104000001
420,10.787597812000001
421,10.748199519000002
422,10.70989672
423,10.670498428
424,10.632195629
425,10.592797336
426,10.553499044
427,10.515196245
428,10.475797952
429,10.43639966
430,10.398096861
431,10.358798568
432,10.32049577
433,10.281097477000001
434,10.241699184
435,10.203396386
436,10.164098093
437,10.1246998
438,10.086397002
439,10.046998709
440,10.008695911
441,9.969297617999999
442,9.929999325199999
443,9.891696526799999
444,9.852298234
445,9.8128999412
446,9.7745971428
447,9.73529885
448,9.6969960516
449,9.6575977588
450,9.618199466
451,9.5798966676
452,9.5405983748
453,9.5021955764
454,9.4628972825
455,9.4234989897
456,9.3851961913
457,9.3457978985
458,9.306499605700001
459,9.2681968073
460,9.228798514500001
461,9.190495716100001
462,9.151097423300001
463,9.1117991305
464,9.0734963321
465,9.0340980393
466,8.9946997465
467,8.9563969481
468,8.9170986553
469,8.8786958569
470,8.8393975641
471,8.7999992713
472,8.761696472899999
473,8.7222981801
474,8.6829998873
475,8.6446970889
476,8.6052987961
477,8.5669959977
478,8.5275977049
479,8.4882994121
480,8.4499966137
481,8.4105983209
482,8.3722955225
483,8.3328972297
484,8.2935989369
485,8.2551961385
486,8.2158978457
487,8.1764995529
488,8.138196754500001
489,8.0987984606
490,8.060495662200001
491,8.021197369400001
492,7.9817990766
493,7.9434962782000005
494,7.9040979854
495,7.8647996926
496,7.8264968942
497,7.787098601399999
498,7.748795802999999
499,7.7093975102
500,7.6699992174
501,7.631696419
502,7.5923981262
503,7.5529998334
504,7.514697035
505,7.475298742200001
506,7.4369959437999995
507,7.3976976510000005
508,7.358299358200001
509,7.3199965598
510,7.280598267
511,7.2412999741999995
512,7.2029971758
513,7.163598883
514,7.1252960846
515,7.0858977918
516,7.046499498999999
517,7.008196700599999
518,6.968898407799999
519,6.930595609400001
520,6.8911973166
521,6.8517990238
522,6.8134962254
523,6.7741979326
524,6.7347996387
525,6.6964968403
526,6.6570985475
527,6.618795749099999
528,6.5794974563
529,6.5400991635
530,6.5017963651
531,6.4623980723
532,6.4229997795000005
533,6.3846969811
534,6.3453986883
535,6.3070958899
536,6.267697597100001
537,6.228299304299999
538,6.1899965059
539,6.150698213099999
540,6.1112999203
541,6.0729971219
542,6.0335988291
543,5.9952960307000005
544,5.9559977379
545,5.9165994451
546,5.8782966467
547,5.8388983538999994
548,5.800595555499999
549,5.7611972627
550,5.7218989699
551,5.6835961715
552,5.6441978787
553,5.6047995859
554,5.5664967875
555,5.5271984947
556,5.4888956963
557,5.449497403500001
558,5.410099110700001
559,5.3717963112
560,5.3324980184
561,5.2930997256
562,5.2547969272
563,5.2153986344
564,5.177095836
565,5.1376975432
566,5.0983992504
567,5.060096452
568,5.0206981592
569,4.9812998664
570,4.942997068
571,4.9036987752
572,4.8653959768
573,4.825997684
574,4.7865993912
575,4.7482965928
576,4.7089983
577,4.6706955016
578,4.6312972087999995
579,4.591898916
580,4.5535961176
581,4.5141978248
582,4.474899532
583,4.4365967336
584,4.3971984407999996
585,4.3588956424
586,4.3194973496
587,4.2801990568
588,4.2418962584
589,4.2024979656
590,4.1630996728
591,4.1247968744
592,4.0854985816000005
593,4.0471957832
594,4.0077974893
595,3.9683991964999996
596,3.9300963981
597,3.8906981053
598,3.8513998125
599,3.8130970141000002
600,3.7736987213
601,3.7353959229
602,3.6959976301
603,3.6566993373
604,3.6183965389
605,3.5789982461000003
606,3.5395999532999998
607,3.5012971549
608,3.4619988620999997
609,3.4236960637
610,3.3842977709
611,3.3448994781
612,3.3065966797
613,3.2671983869
614,3.2288955885000004
615,3.1895972957
616,3.1501990029000004
617,3.1118962045
618,3.0724979117
619,3.0331996189
620,2.9948968205
621,2.9554985276999997
622,2.9171957293
623,2.8777974365
624,2.8384991437
625,2.8001963453
626,2.7607980525
627,2.7213997597
628,2.6830969613
629,2.6436986674000003
630,2.605395869
631,2.5660975762000002
632,2.5266992834
633,2.488396485
634,2.4489981922
635,2.4096998994
636,2.371397101
637,2.3319988082
638,2.2936960098
639,2.254297717
640,2.2149994241999997
641,2.1766966258
642,2.137298333
643,2.0989955346
644,2.0595972418
645,2.020198949
646,1.9818961506000001
647,1.9425978578
648,1.903199565
649,1.8648967666
650,1.8254984738
651,1.7871956754
652,1.7478973826
653,1.7084990897999999
654,1.6701962914
655,1.6307979986
656,1.5914997058000002
657,1.5531969074
658,1.5137986146
659,1.4754958162
660,1.4360975234
661,1.3966992306000001
662,1.3583964322
663,1.3190981393999999
664,1.2796998455
665,1.2413970471
666,1.2019987543000001
667,1.1636959559
668,1.1243976631
669,1.0849993703
670,1.0466965718999999
671,1.0072982791
672,0.9679999862600001
673,0.92969718786
674,0.8902988950599999
675,0.8519960966600001
676,0.81259780386
677,0.7731995110600001
678,0.73489671266
679,0.69559841986
680,0.6572956214600001
681,0.61789732866
682,0.5784990358600001
683,0.5401962374600001
684,0.50089794466
685,0.46149965186
686,0.42319685346
687,0.38379856066
688,0.34549576225999995
689,0.30619746946
690,0.26679917665999997
691,0.22849637825999997
692,0.18909808546
693,0.14969979266
694,0.11139699425999999
695,0.072098701464
696,0.033795903064
697,8.8513976121
698,8.8119993193
699,8.7736965198
700,8.734398227
701,8.6949999342
702,8.6566971358
703,8.617298843
704,8.5789960446
705,8.539597751799999
706,8.500299458999999
707,8.461996660599999
708,8.4225983678
709,8.3842955694
710,8.3448972766
711,8.3055989838
712,8.2672961854
713,8.2278978926
714,8.1884995998
715,8.1501968014
716,8.1108985086
717,8.0725957102
718,8.0331974174
719,7.993799124600001
720,7.9554963262000005
721,7.9160980334
722,7.876799740599999
723,7.8384969422
724,7.7990986494
725,7.760795851
726,7.7213975582000005
727,7.6820992654
728,7.6437964670000005
729,7.6043981742
730,7.5649998813999995
731,7.526697082999999
732,7.487398790199999
733,7.449095991799999
734,7.4096976978999995
735,7.3702994051
736,7.3319966067
737,7.2925983139
738,7.2542955155
739,7.2149972227
740,7.1755989299000005
741,7.137296131499999
742,7.0978978387
743,7.0585995459
744,7.0202967475
745,6.9808984547
746,6.9425956563
747,6.9031973635
748,6.8638990707000005
749,6.8255962723
750,6.786197979500001
751,6.746799686699999
752,6.7084968883
753,6.6690985954999995
754,6.6307957971
755,6.5914975042999995
756,6.5520992115
757,6.5137964131
758,6.4743981203
759,6.4350998275
760,6.3967970291
761,6.3573987362999995
762,6.319095937899999
763,6.2796976451
764,6.2403993523
765,6.2020965539
766,6.1626982611
767,6.1232999683000005
768,6.0849971688
769,6.045598876000001
770,6.0072960775999995
771,5.9679977848000005
772,5.928599492000001
773,5.8902966936
774,5.8508984008
775,5.8125956024
776,5.7732973096
777,5.7338990168
778,5.6955962184
779,5.656197925599999
780,5.6168996328
781,5.578596834400001
782,5.539198541599999
783,5.500895743200001
784,5.4614974504
785,5.4220991576
786,5.3837963592
787,5.3444980664
788,5.3050997736
789,5.2667969752
790,5.2273986824000005
791,5.189095883999999
792,5.1497975912000005
793,5.1103992984
794,5.0720965
795,5.0326982072
796,4.9933999144
797,4.955097116
798,4.9156988232
799,4.8773960248
800,4.837997732
801,4.7985994392
802,4.7602966408
803,4.7209983469
804,4.6826955485
805,4.6432972557
806,4.6038989629
807,4.5655961645
808,4.5262978717
809,4.4868995789
810,4.4485967805
811,4.4091984876999994
812,4.3708956893
813,4.331597396499999
814,4.2921991037
815,4.2538963053
816,4.2144980125
817,4.1750997197
818,4.1367969213
819,4.0974986285
820,4.0591958301
821,4.019797537300001
822,3.9803992445
823,3.9420964461000003
824,3.9027981533
825,3.8633998605
826,3.8250970621
827,3.7856987693
828,3.7473959708999995
829,3.7080976781
830,3.6686993852999996
831,3.6303965869
832,3.5909982941000003
833,3.5526954957
834,3.5132972029
835,3.4739989100999997
836,3.4356961117
837,3.3962978189
838,3.356899525
839,3.3185967266
840,3.2792984337999997
841,3.2409956354
842,3.2015973426
843,3.1621990498000003
844,3.1238962513999997
845,3.0845979586000003
846,3.0451996658
847,3.0068968674
848,2.9674985746
849,2.9291957762000003
850,2.8897974833999998
851,2.8504991906
852,2.8121963922
853,2.7727980994
854,2.7333998066000005
855,2.6950970082
856,2.6557987154
857,2.617495917
858,2.5780976241999998
859,2.5386993313999997
860,2.500396533
861,2.4610982402
862,2.4216999474
863,2.383397149
864,2.3439988562000003
865,2.3056960578
866,2.266297765
867,2.2269994722
868,2.1886966738
869,2.149298381
870,2.1109955825999998
871,2.0715972897999997
872,2.032298997
873,1.9939961975
874,1.9545979047
875,1.9151996118999999
876,1.8768968135
877,1.8375985206999998
878,1.7992957223
879,1.7598974294999998
880,1.7204991366999998
881,1.6821963383
882,1.6427980455000002
883,1.6034997527000001
884,1.5651969543000002
885,1.5257986615
886,1.4874958631
887,1.4480975703
888,1.4087992775
889,1.3704964791
890,1.3310981863
891,1.2916998935
892,1.2533970951
893,1.2140988023000001
894,1.1756960039
895,1.1363977111
896,1.0969994183
897,1.0586966198999999
898,1.0192983271
899,0.9809955286700002
900,0.9416972358700001
901,0.9022989430700001
902,0.8639961446700001
903,0.8245978518699999
904,0.78529955907
905,0.74699676067
906,0.70759846787
907,0.66929566947
908,0.6298973755699999
909,0.59059908277
910,0.55219628437
911,0.5128979915699999
912,0.47349969877
913,0.43519690037000003
914,0.39579860757
915,0.35749580916999996
916,0.31819751637
917,0.27879922357
918,0.24049642516999997
919,0.20109813237
920,0.16179983957
921,0.12349704117
922,0.08409874836799999
923,0.045795949967999995
924,0.0063976571678
925,12.661099367
926,12.622696569
927,12.583398275999999
928,12.543999982999999
929,12.505697185
930,12.466298892000001
931,12.427996092999999
932,12.388697801
933,12.349299508
934,12.310996709000001
935,12.271598417
936,12.233295618
937,12.193997325
938,12.154599033
939,12.116296234000002
940,12.076897940999999
941,12.037599649
942,11.99919685
943,11.959898555999999
944,11.921595757999999
945,11.882197465
946,11.842799172000001
947,11.804496374000001
948,11.765198081
949,11.725799788
950,11.68749699
951,11.648098697
952,11.609795899000002
953,11.570497605999998
954,11.531099313
955,11.492796515
956,11.453398222
957,11.414099929
958,11.375697130999999
959,11.336398838
960,11.298096039
961,11.258697747000001
962,11.219299454000002
963,11.180996655
964,11.141698363
965,11.103395564000001
966,11.063997271
967,11.024598979
968,10.98629618
969,10.946997887
970,10.907599595
971,10.869296795999999
972,10.829898502999999
973,10.791595705
974,10.752197412000001
975,10.712899119
976,10.674596321000001
977,10.635198028
978,10.595799734
979,10.557496936
980,10.518198643
981,10.479895845
982,10.440497552
983,10.401099259
984,10.362796461
985,10.323498167999999
986,10.284099875
987,10.245797077
988,10.206398784
989,10.168095986
990,10.128697693
991,10.089399400000001
992,10.051096602000001
993,10.011698309
994,9.9733955104
995,9.9339972176
996,9.8946989248
997,9.8563961264
998,9.8169978336
999,9.7775995408
1000,9.7392967424
1001,9.6999984496
1002,9.6616956512
1003,9.622297358400001
1004,9.5828990656
1005,9.544596267200001
1006,9.5051979744
1007,9.4658996816
1008,9.4275968832
1009,9.3881985904
1010,9.349895792
1011,9.3104974992
1012,9.2711992064
1013,9.2328964069
1014,9.1934981141
1015,9.154099821299999
1016,9.115797022899999
1017,9.076498730099999
1018,9.038195931699999
1019,8.9987976389
1020,8.9593993461
1021,8.9210965477
1022,8.8816982549
1023,8.8423999621
1024,8.8040971637
1025,8.7646988709
1026,8.7263960725
1027,8.6869977797
1028,8.6476994869
1029,8.6093966885
1030,8.5699983957
1031,8.5316955973
1032,8.492297304500001
1033,8.4529990117
1034,8.414696213300001
1035,8.3752979205
1036,8.3358996277
1037,8.2975968293
1038,8.2581985365
1039,8.2198957381
1040,8.1805974453
1041,8.1411991525
1042,8.1028963541
1043,8.0634980613
1044,8.0241997685
1045,7.9858969701
1046,7.9464986773
1047,7.9081958789
1048,7.868797585
1049,7.8294992922
1050,7.7911964938
1051,7.751798201000001
1052,7.7123999082
1053,7.6740971098
1054,7.634698817
1055,7.5963960186
1056,7.5570977258
1057,7.517699433
1058,7.4793966346000005
1059,7.439998341799999
1060,7.401695543400001
1061,7.362397250599999
1062,7.322998957799999
1063,7.2846961594
1064,7.2452978666
1065,7.2059995738
1066,7.1676967754
1067,7.1282984826
1068,7.0899956842
1069,7.0505973914
1070,7.011199098600001
1071,6.9728963001999995
1072,6.9335980074
1073,6.8941997146
1074,6.8558969162
1075,6.8164986234
1076,6.778195825
1077,6.7388975322
1078,6.699499239400001
1079,6.661196441
1080,6.621798148200001
1081,6.5824998554
1082,6.544197057000001
1083,6.504798763099999
1084,6.4664959647
1085,6.4270976719
1086,6.3876993791
1087,6.349396580700001
1088,6.3100982879
1089,6.2717954895000005
1090,6.232397196699999
1091,6.1929989038999995
1092,6.154696105499999
1093,6.1153978126999995
1094,6.0759995199
1095,6.0376967215
1096,5.9982984287
1097,5.9599956303
1098,5.9206973375
1099,5.8812990447
1100,5.8429962463
1101,5.803597953500001
1102,5.7641996607
1103,5.7258968623
1104,5.6865985695
1105,5.6482957711
1106,5.6088974783
1107,5.5694991855
1108,5.5311963871000005
1109,5.4918980943
1110,5.4524998015
1111,5.414197003099999
1112,5.3747987102999994
1113,5.3364959119
1114,5.2971976191
1115,5.2577993263
1116,5.2194965279000005
1117,5.1800982351
1118,5.1406999412
1119,5.1023971428
1120,5.06309885
1121,5.0247960516
1122,4.9853977588
1123,4.945999466
1124,4.9076966676
1125,4.8683983748
1126,4.8300955764
1127,4.7906972836
1128,4.7512989908
1129,4.7129961924
1130,4.6736978996
1131,4.6342996068
1132,4.5959968084
1133,4.5565985156
1134,4.5182957172
1135,4.4788974244
1136,4.4395991316000005
1137,4.4012963332
1138,4.3618980404
1139,4.3224997476
1140,4.2841969492
1141,4.2448986564
1142,4.206595858
1143,4.1671975651999995
1144,4.1277992724
1145,4.089496474
1146,4.0501981812
1147,4.010799888399999
1148,3.97249709
1149,3.9330987972000004
1150,3.8947959988
1151,3.855397706
1152,3.8160994132
1153,3.7777966137
1154,3.7383983208999996
1155,3.7000955225
1156,3.6606972297
1157,3.6213989369
1158,3.5830961385
1159,3.5436978457
1160,3.5042995529
1161,3.4659967545
1162,3.4266984617
1163,3.3882956632999996
1164,3.3489973705000002
1165,3.3095990776999997
1166,3.2712962793
1167,3.2318979865
1168,3.1925996937
1169,3.1542968953
1170,3.1148986025
1171,3.0765958041
1172,3.0371975113
1173,2.9978992185
1174,2.9595964201
1175,2.9201981273000004
1176,2.8807998345
1177,2.8424970361
1178,2.8031987433
1179,2.7647959449
1180,2.7254976520999996
1181,2.6860993593
1182,2.6477965609
1183,2.6083982681
1184,2.5690999753
1185,2.5307971769
1186,2.4913988841
1187,2.4530960857
1188,2.4136977918
1189,2.374399499
1190,2.3360967006
1191,2.2966984078
1192,2.2583956094
1193,2.2189973166
1194,2.1796990238
1195,2.1412962254
1196,2.1019979326
1197,2.0625996397999997
1198,2.0242968414
1199,1.9848985486000001
1200,1.9465957502000002
1201,1.9072974574000001
1202,1.8678991646
1203,1.8295963662
1204,1.7901980734
1205,1.7508997806
1206,1.7125969822
1207,1.6731986894
1208,1.634895891
1209,1.5954975982
1210,1.5561993053999998
1211,1.517796507
1212,1.4784982141999998
1213,1.4390999213999998
1214,1.400797123
1215,1.3613988302000002
1216,1.3230960318
1217,1.2837977390000002
1218,1.2443994462
1219,1.2060966478
1220,1.166698355
1221,1.1283955566
1222,1.0890972638
1223,1.0496989699
1224,1.0113961715000002
1225,0.97199787865
1226,0.9326995858499999
1227,0.8942967874500001
1228,0.85499849465
1229,0.81669569625
1230,0.77729740345
1231,0.73789911065
1232,0.69959631225
1233,0.66029801945
1234,0.62089972665
1235,0.58259692825
1236,0.54319863545
1237,0.50489583705
1238,0.46559754425
1239,0.42619925145000004
1240,0.38789645305
1241,0.34849816024999997
1242,0.30919986745
1243,0.27079706905
1244,0.23149877625
1245,0.19319597785
1246,0.15379768505000002
1247,0.11439939225
1248,0.076096593854
1249,0.036798301054
1250,8.0544955043
1251,8.0150972115
1252,7.9756989187
1253,7.9373961203
1254,7.8980978275
1255,7.8586995347
1256,7.8203967363
1257,7.780998443500001
1258,7.742695643999999
1259,7.7032973512
1260,7.6639990584
1261,7.62569626
1262,7.5862979672
1263,7.5468996744000005
1264,7.508596876
1265,7.4692985832000005
1266,7.4309957848
1267,7.391597492000001
1268,7.352199199199999
1269,7.3138964008
1270,7.274598107999999
1271,7.2351998152
1272,7.1968970167999995
1273,7.157498724
1274,7.1191959256
1275,7.0797976328
1276,7.04049934
1277,7.0021965416
1278,6.9627982487999995
1279,6.923399956
1280,6.8850971576
1281,6.8457988648
1282,6.8074960664
1283,6.7680977736
1284,6.7286994808000005
1285,6.6903966824
1286,6.6510983896
1287,6.6127955912
1288,6.573397298400001
1289,6.533999005599999
1290,6.4956962072
1291,6.4562979144
1292,6.4169996216
1293,6.3786968221
1294,6.3392985293
1295,6.3009957309
1296,6.261597438099999
1297,6.2222991453
1298,6.183996346900001
1299,6.144598054099999
1300,6.1051997613
1301,6.0668969629
1302,6.0275986701
1303,5.9892958716999996
1304,5.9498975789
1305,5.9104992861
1306,5.8721964877
1307,5.8327981949000005
1308,5.793499902100001
1309,5.7551971037000005
1310,5.7157988109
1311,5.6774960125
1312,5.6380977197
1313,5.5987994269
1314,5.5604966285
1315,5.5210983357000005
1316,5.4827955373
1317,5.443397244500001
1318,5.4040989517
1319,5.3657961533
1320,5.3263978605
1321,5.2869995677
1322,5.2486967693
1323,5.2092984765
1324,5.1709956781
1325,5.1316973853
1326,5.0922990925
1327,5.0539962941
1328,5.0145980001999995
1329,4.9752997074000005
1330,4.936996908999999
1331,4.8975986162
1332,4.8592958178
1333,4.819897525
1334,4.7805992322
1335,4.7422964338
1336,4.702898141
1337,4.6634998482
1338,4.625197049800001
1339,4.585798757
1340,4.5474959586
1341,4.5081976658
1342,4.468799373
1343,4.430496574599999
1344,4.3910982818
1345,4.351799989
1346,4.3134971906
1347,4.2740988978
1348,4.2357960994
1349,4.1963978066
1350,4.1570995137999995
1351,4.1187967154
1352,4.0793984226
1353,4.0410956242000005
1354,4.0016973314
1355,3.9622990386000003
1356,3.9239962401999997
1357,3.8846979474000003
1358,3.8452996546
1359,3.8069968562
1360,3.7675985633999995
1361,3.729295765
1362,3.6899974722000004
1363,3.6505991783
1364,3.6122963799
1365,3.5728980870999996
1366,3.5335997943
1367,3.4952969958999995
1368,3.4558987031
1369,3.4175959047
1370,3.3781976119
1371,3.3387993191
1372,3.3004965207
1373,3.2611982279
1374,3.2217999351
1375,3.1834971367000002
1376,3.1440988438999997
1377,3.1057960455
1378,3.0664977526999997
1379,3.0270994599
1380,2.9887966615
1381,2.9493983687
1382,2.9110955702999997
1383,2.8717972775
1384,2.8323989847
1385,2.7940961863
1386,2.7546978935000004
1387,2.7152996007
1388,2.6769968022999997
1389,2.6376985095
1390,2.5993957111
1391,2.5599974183
1392,2.5205991255
1393,2.4822963271000003
1394,2.4429980343
1395,2.4035997415
1396,2.3652969431
1397,2.3258986503
1398,2.2875958508000003
1399,2.248297558
1400,2.2088992652
1401,2.1705964668
1402,2.131198174
1403,2.0917998812
1404,2.0534970828
1405,2.01419879
1406,1.9758959916
1407,1.9364976988
1408,1.897099406
1409,1.8587966076
1410,1.8194983148
1411,1.7811955164
1412,1.7417972236
1413,1.7023989308
1414,1.6640961324
1415,1.6247978396
1416,1.5853995468000002
1417,1.5470967484
1418,1.5076984556
1419,1.4693956572
1420,1.4299973644
1421,1.3906990716
1422,1.3523962731999999
1423,1.3129979804
1424,1.2735996876
1425,1.2352968892
1426,1.1959985964
1427,1.157695798
1428,1.1182975052
1429,1.0788992123999999
1430,1.0405964140000001
1431,1.0012981212
1432,0.9618998284
1433,0.9235970289000001
1434,0.8841987361
1435,0.8458959376999999
1436,0.8064976449
1437,0.7671993520999999
1438,0.7288965537000001
1439,0.6894982609
1440,0.6500999681
1441,0.6117971697
1442,0.5724988769
1443,0.5341960785000001
1444,0.4947977857
1445,0.4553994929
1446,0.41709669450000003
1447,0.3777984017
1448,0.33939560329999996
1449,0.3000973105
1450,0.2606990177
1451,0.2223962193
1452,0.1829979265
1453,0.1436996337
1454,0.10539683529999999
1455,0.06599854249499999
1456,0.027695744095999997
1457,7.0472974527
1458,7.0079991599
1459,6.9696963615
1460,6.9302980687
1461,6.8908997759
1462,6.8525969775
1463,6.8132986847
1464,6.7748958863
1465,6.7355975935000005
1466,6.696199300700001
1467,6.6578965023
1468,6.6184982084
1469,6.579199915599999
1470,6.5408971172
1471,6.5014988244000005
1472,6.463196026
1473,6.423797733200001
1474,6.3844994404
1475,6.346196642000001
1476,6.306798349199999
1477,6.268495550800001
1478,6.2290972579999995
1479,6.1897989652
1480,6.1513961668
1481,6.112097874
1482,6.0726995812
1483,6.0343967828
1484,5.99499849
1485,5.956695691599999
1486,5.9173973988
1487,5.877999106
1488,5.8396963076
1489,5.8002980148
1490,5.760999722
1491,5.7226969236
1492,5.6832986308
1493,5.6449958324
1494,5.605597539600001
1495,5.5662992468
1496,5.5278964484
1497,5.488598155599999
1498,5.4491998628
1499,5.4108970644
1500,5.3714987716
1501,5.3331959732
1502,5.2938976793
1503,5.2544993865
1504,5.2161965881
1505,5.176798295299999
1506,5.1384954969
1507,5.0991972041
1508,5.0597989113
1509,5.0214961129
1510,4.9820978201
1511,4.9426995273
1512,4.9043967289
1513,4.8650984361
1514,4.8267956377
1515,4.7873973449000005
1516,4.7479990521
1517,4.7096962537
1518,4.6703979609
1519,4.6309996681
1520,4.5926968697
1521,4.5532985769
1522,4.5149957785
1523,4.4756974857
1524,4.4362991929
1525,4.3979963945
1526,4.3585981017
1527,4.3191998089
1528,4.2808970105
1529,4.2415987177
1530,4.2032959193
1531,4.1638976265
1532,4.1244993337
1533,4.0861965353
1534,4.0468982425
1535,4.007499949700001
1536,3.9691971513
1537,3.9297988574000002
1538,3.8914960589999996
1539,3.8521977662
1540,3.8127994733999997
1541,3.774496675
1542,3.7350983822000003
1543,3.6967955838
1544,3.657397291
1545,3.6180989982
1546,3.5797961998
1547,3.540397907
1548,3.5009996142000004
1549,3.4626968157999998
1550,3.423398523
1551,3.3850957245999997
1552,3.3456974318
1553,3.3062991389999996
1554,3.2679963406
1555,3.2286980477999996
1556,3.189299755
1557,3.1509969566000002
1558,3.1115986638
1559,3.0732958654
1560,3.0338975726
1561,2.9945992798
1562,2.9562964814
1563,2.9168981886000003
1564,2.8774998957999998
1565,2.8391970974
1566,2.7998988045999997
1567,2.7615960062
1568,2.7221977134
1569,2.6827994206
1570,2.6444966222
1571,2.6051983294
1572,2.5668955299
1573,2.5274972371
1574,2.4880989443
1575,2.4497961459
1576,2.4103978531
1577,2.3710995603
1578,2.3327967619
1579,2.2933984691
1580,2.2550956707
1581,2.2156973778999998
1582,2.1763990851
1583,2.1380962866999997
1584,2.0986979938999997
1585,2.0592997011
1586,2.0209969027000003
1587,1.9816986099
1588,1.9433958115
1589,1.9039975187
1590,1.8645992259
1591,1.8262964275
1592,1.7868981347
1593,1.7475998419
1594,1.7092970435
1595,1.6698987506999998
1596,1.6315959522999999
1597,1.5921976594999998
1598,1.5528993667
1599,1.5145965683000002
1600,1.4751982755000002
1601,1.4357999827
1602,1.3974971843000001
1603,1.3581988915
1604,1.3198960931000001
1605,1.2804978003
1606,1.2410995075
1607,1.202796708
1608,1.1633984151999999
1609,1.1250956168000001
1610,1.085797324
1611,1.0463990312
1612,1.0080962328
1613,0.9686979400299999
1614,0.9293996472299999
1615,0.8910968488299998
1616,0.85169855603
1617,0.8133957576299999
1618,0.77399746483
1619,0.7346991720300001
1620,0.6963963736300001
1621,0.65699808083
1622,0.61759978803
1623,0.57929698963
1624,0.53989869683
1625,0.5015958984300001
1626,0.46229760563
1627,0.42289931283
1628,0.38459651443000004
1629,0.34519822163
1630,0.30589992883
1631,0.26759713043
1632,0.22819883763
1633,0.18989603923
1634,0.15049774643
1635,0.11119945363
1636,0.072896655233
1637,0.033498362433
1638,16.103195567
1639,16.063797275
1640,16.024398982
1641,15.986096182999999
1642,15.946797889
1643,15.907399597000001
1644,15.869096798
1645,15.829698505
1646,15.791395707000001
1647,15.752097414000001
1648,15.712699120999998
1649,15.674396323
1650,15.63499803
1651,15.595699737
1652,15.557396939
1653,15.517998645999999
1654,15.479695847999999
1655,15.440297555
1656,15.400899262000001
1657,15.362596464000001
1658,15.323298171
1659,15.283899878
1660,15.24559708
1661,15.206198787
1662,15.167895989000002
1663,15.128597696
1664,15.089199403
1665,15.050896605
1666,15.011498312
1667,14.973195513
1668,14.933897220999999
1669,14.894498927999999
1670,14.856196129
1671,14.816797837000001
1672,14.777399544000001
1673,14.739096745
1674,14.699798453
1675,14.661495654000001
1676,14.622097361
1677,14.582699068
1678,14.544396269000002
1679,14.505097975999998
1680,14.465699684
1681,14.427396885
1682,14.387998592
1683,14.349695794
1684,14.310397500999999
1685,14.270999208
1686,14.23269641
1687,14.193298117000001
1688,14.153899824000002
1689,14.115597026
1690,14.076298733
1691,14.037995935
1692,13.998597642
1693,13.959199349
1694,13.920896550999998
1695,13.881598258
1696,13.842199965
1697,13.803897167
1698,13.764498874000001
1699,13.726196075999999
1700,13.686897783
1701,13.64749949
1702,13.609196692000001
1703,13.569798399000002
1704,13.531495600000001
1705,13.492097308
1706,13.452799015
1707,13.414496216
1708,13.375097924
1709,13.335699630999999
1710,13.297396832
1711,13.25809854
1712,13.21979574
1713,13.180397447
1714,13.140999154000001
1715,13.102696356
1716,13.063298063
1717,13.02399977
1718,12.985696972000001
1719,12.946298679000002
1720,12.907995881
1721,12.868597588
1722,12.829299295
1723,12.790996497
1724,12.751598204
1725,12.712199910999999
1726,12.673897112999999
1727,12.63459882
1728,12.596296022
1729,12.556897729000001
1730,12.517499436
1731,12.479196638
1732,12.439798345
1733,12.401495546
1734,12.362197254000002
1735,12.322798960999998
1736,12.284496162
1737,12.24509787
1738,12.205799577
1739,12.167496778
1740,12.128098485999999
1741,12.089795687
1742,12.050397394
1743,12.011099102000001
1744,11.972796302999999
1745,11.93339801
1746,11.893999718
1747,11.855696918
1748,11.816298625
1749,11.777995827
1750,11.738697534000002
1751,11.699299240999999
1752,11.660996443
1753,11.62159815
1754,11.582299857
1755,11.543997059
1756,11.504598765999999
1757,11.466295967999999
1758,11.426897675
1759,11.387599382000001
1760,11.349296584000001
1761,11.309898291
1762,11.270499998
1763,11.2321972
1764,11.192798907
1765,11.154496109
1766,11.115197815999998
1767,11.075799522999999
1768,11.037496725
1769,10.998098432
1770,10.959795632999999
1771,10.920497340999999
1772,10.881099048
1773,10.842796249000001
1774,10.803397957
1775,10.764099664000002
1776,10.725796865
1777,10.686398573
1778,10.648095774
1779,10.608697481
1780,10.569299189
1781,10.53099639
1782,10.491698096
1783,10.452299802999999
1784,10.413997005
1785,10.374598712000001
1786,10.336295913999999
1787,10.296997621000001
1788,10.257599328
1789,10.21929653
1790,10.179898237
1791,10.140599944
1792,10.102297146
1793,10.062898853
1794,10.024596055
1795,9.9851977618
1796,9.945799468999999
1797,9.907496670599999
1798,9.868198377799999
1799,9.8298955794
1800,9.790497286599999
1801,9.7510989938
1802,9.7127961954
1803,9.6734979026
1804,9.6340996098
1805,9.5957968114
1806,9.5563985186
1807,9.5180957202
1808,9.4787974274
1809,9.4393991346
1810,9.4010963362
1811,9.3616980434
1812,9.3222997506
1813,9.2839969522
1814,9.244698659400001
1815,9.206395861
1816,9.166997568200001
1817,9.1275992743
1818,9.0892964759
1819,9.0499981831
1820,9.0105998903
1821,8.9722970919
1822,8.9328987991
1823,8.8945960007
1824,8.8552977079
1825,8.8158994151
1826,8.7775966167
1827,8.7381983239
1828,8.699895525499999
1829,8.6604972327
1830,8.6211989399
1831,8.5828961415
1832,8.5434978487
1833,8.5040995559
1834,8.4657967575
1835,8.4264984647
1836,8.3881956663
1837,8.3487973735
1838,8.3093990807
1839,8.2710962823
1840,8.2317979895
1841,8.192399696699999
1842,8.1540968983
1843,8.1146986055
1844,8.0763958071
1845,8.0369975143
1846,7.9976992215
1847,7.959396423099999
1848,7.9199981303
1849,7.8805998375
1850,7.8422970391
1851,7.8029987463
1852,7.7646959468
1853,7.725297653999999
1854,7.6858993612
1855,7.6475965627999996
1856,7.60829827
1857,7.5688999772
1858,7.5305971788
1859,7.491198886
1860,7.4528960876
1861,7.4134977948000005
1862,7.374199502000001
1863,7.3358967036000005
1864,7.296498410800001
1865,7.2581956124
1866,7.2187973196
1867,7.179499026799999
1868,7.1411962284
1869,7.1017979356
1870,7.0623996428
1871,7.024096844400001
1872,6.9847985516
1873,6.946495753200001
1874,6.907097460399999
1875,6.8676991676
1876,6.8293963691999995
1877,6.7899980764
1878,6.7506997836
1879,6.7123969852
1880,6.6729986924
1881,6.634695894
1882,6.5952976012
1883,6.555999308400001
1884,6.51769651
1885,6.4782982172
1886,6.4388999244
1887,6.4005971249
1888,6.3612988321
1889,6.3229960337
1890,6.2835977409
1891,6.2441994481
1892,6.2058966497000005
1893,6.166498356900001
1894,6.1281955585
1895,6.088897265700001
1896,6.0494989728999995
1897,6.0111961745
1898,5.9717978817
1899,5.9324995889
1900,5.8941967905
1901,5.8547984977
1902,5.8164956993
1903,5.777097406499999
1904,5.7377991137
1905,5.6993963153
1906,5.6600980225
1907,5.6206997297
1908,5.5823969313
1909,5.5429986385
1910,5.5046958401
1911,5.4653975473
1912,5.425999254500001
1913,5.3876964561000005
1914,5.3482981633
1915,5.3089998705
1916,5.2706970721
1917,5.2312987793
1918,5.1929959809
1919,5.1535976881
1920,5.1142993953
1921,5.0758965969
1922,5.036598303
1923,4.9982955046
1924,4.9588972118
1925,4.919498919
1926,4.8811961206
1927,4.8418978277999996
1928,4.802499535
1929,4.764196736600001
1930,4.7247984438
1931,4.6864956454
1932,4.6471973526
1933,4.6077990598000005
1934,4.569496261399999
1935,4.5300979686
1936,4.4907996758
1937,4.4523968774
1938,4.4130985846
1939,4.3747957862
1940,4.3353974933999995
1941,4.2959992006
1942,4.257696402200001
1943,4.2183981094
1944,4.1789998166
1945,4.1406970182
1946,4.1012987254
1947,4.062995927
1948,4.0236976342
1949,3.9842993414
1950,3.945996543
1951,3.9065982501999996
1952,3.8672999574
1953,3.828897159
1954,3.7895988662
1955,3.7512960678
1956,3.711897775
1957,3.6724994811
1958,3.6341966827
1959,3.5948983899
1960,3.5565955915
1961,3.5171972987
1962,3.4777990058999997
1963,3.4394962075
1964,3.4001979147
1965,3.3607996219
1966,3.3224968235000003
1967,3.2830985307
1968,3.2447957323
1969,3.2053974395
1970,3.1660991467
1971,3.1277963483
1972,3.0883980555
1973,3.0489997627
1974,3.0106969643
1975,2.9713986715
1976,2.9330958731
1977,2.8936975802999996
1978,2.8542992875
1979,2.8159964891
1980,2.7766981963
1981,2.7372999035000003
1982,2.6989971050999997
1983,2.6595988123
1984,2.6212960139
1985,2.5818977211000003
1986,2.5425994283
1987,2.5042966299000002
1988,2.4648983371
1989,2.4265955387
1990,2.3871972459
1991,2.3478989531
1992,2.3095961536000003
1993,2.2701978608
1994,2.230799568
1995,2.1924967696
1996,2.1531984768
1997,2.1148956784
1998,2.0754973856
1999,2.0360990928000002
2000,1.9977962944
2001,1.9583980016
2002,1.9190997088
2003,1.8807969104
2004,1.8413986176
2005,1.8030958192
2006,1.7636975263999999
2007,1.7243992336000002
2008,1.6860964352
2009,1.6466981424
2010,1.6072998496000002
2011,1.5689970512
2012,1.5296987584000001
2013,1.49139596
2014,1.4519976672
2015,1.4125993744
2016,1.3742965759999999
2017,1.3348982832
2018,1.2955999904
2019,1.257297192
2020,1.2178988992
2021,1.1795961008
2022,1.140197808
2023,1.1008995152
2024,1.0625967168000001
2025,1.023198424
2026,0.9848956256200001
2027,0.9454973317200001
2028,0.9061990389200001
2029,0.86789624051
2030,0.82849794771
2031,0.78909965491
2032,0.7507968565199999
2033,0.71139856372
2034,0.67309576531
2035,0.63379747252
2036,0.59439917971
2037,0.5560963813199999
2038,0.51669808852
2039,0.47739979571
2040,0.43909699732
2041,0.39969870452
2042,0.36139590611
2043,0.32199761332
2044,0.28269932050999996
2045,0.24439652212
2046,0.20499822932
2047,0.16559993651
2048,0.12729713810999999
2049,0.087898845315
2050,0.049596046915
2051,0.010297754115
2052,7.8768994629
2053,7.838596664500001
2054,7.799198371699999
2055,7.7608955733
2056,7.721597280499999
2057,7.6821989877
2058,7.6438961892999995
2059,7.6044978965
2060,7.5651996037
2061,7.5268968053
2062,7.4874985114
2063,7.449195713
2064,7.409797420199999
2065,7.3703991274
2066,7.332096329
2067,7.2927980362
2068,7.2533997434
2069,7.215096945
2070,7.1756986522
2071,7.1373958538
2072,7.098097561
2073,7.058699268200001
2074,7.0203964698000005
2075,6.980998177000001
2076,6.941699884199999
2077,6.9033970858
2078,6.8639987929999995
2079,6.8256959946
2080,6.7862977018
2081,6.746899409
2082,6.708596610599999
2083,6.6692983178
2084,6.630995519400001
2085,6.591597226599999
2086,6.5521989338
2087,6.5138961354
2088,6.4745978426
2089,6.4351995498
2090,6.3968967514
2091,6.3574984586
2092,6.3191956602
2093,6.2798973674
2094,6.240499074600001
2095,6.2021962762000005
2096,6.1627979834
2097,6.1233996895
2098,6.0850968911
2099,6.0457985983
2100,6.0074957999
2101,5.9680975071
2102,5.9286992143
2103,5.890396415900001
2104,5.851098123099999
2105,5.811699830299999
2106,5.773397031900001
2107,5.7339987391
2108,5.6956959407
2109,5.6563976478999995
2110,5.6169993551
2111,5.5786965567
2112,5.5392982639
2113,5.4998999711000005
2114,5.4615971726999994
2115,5.4222988799000005
2116,5.383996081499999
2117,5.3445977887
2118,5.3051994959
2119,5.2668966975
2120,5.2275984047
2121,5.1892956063
2122,5.1498973135
2123,5.1104990207
2124,5.072196222300001
2125,5.0328979295
2126,4.9934996367
2127,4.9551968383
2128,4.9157985455
2129,4.8774957471
2130,4.8380974543
2131,4.7987991615
2132,4.760496362
2133,4.7210980692
2134,4.6816997763999995
2135,4.643396978
2136,4.604098685199999
2137,4.5657958868
2138,4.526397594
2139,4.4869993012
2140,4.4486965028
2141,4.40939821
2142,4.3699999172
2143,4.3316971188
2144,4.292298826000001
2145,4.2539960275999995
2146,4.2145977348
2147,4.175299442
2148,4.1369966436
2149,4.0975983508
2150,4.0592955524
2151,4.0198972595999996
2152,3.9805989668
2153,3.9422961683999995
2154,3.9028978756
2155,3.8634995828
2156,3.8251967844
2157,3.7858984916000002
2158,3.7474956932
2159,3.7081974004
2160,3.6687991076
2161,3.6304963092
2162,3.5910980163999997
2163,3.5517997236000003
2164,3.5134969251999997
2165,3.4740986324
2166,3.435795834
2167,3.3963975400999997
2168,3.3570992473000003
2169,3.3187964488999997
2170,3.2793981561
2171,3.2399998633
2172,3.2016970649000003
2173,3.1623987721
2174,3.1239959737
2175,3.0846976808999997
2176,3.0452993881
2177,3.0069965897000004
2178,2.9675982969
2179,2.9292954985
2180,2.8899972057
2181,2.8505989129000002
2182,2.8122961145
2183,2.7728978217
2184,2.7335995288999997
2185,2.6952967305
2186,2.6558984377
2187,2.6175956393
2188,2.5781973465
2189,2.5388990537000002
2190,2.5004962553
2191,2.4611979625
2192,2.4217996697
2193,2.3834968712999998
2194,2.3440985785
2195,2.3057957801
2196,2.2664974873
2197,2.2270991945
2198,2.1887963961000003
2199,2.1493981033000003
2200,2.1100998105
2201,2.0717970121000002
2202,2.0323987182
2203,1.9940959198
2204,1.9546976269999998
2205,1.9153993342
2206,1.8769965358
2207,1.8376982430000002
2208,1.7982999502
2209,1.7599971518000002
2210,1.720598859
2211,1.6822960606
2212,1.6429977678
2213,1.603599475
2214,1.5652966766
2215,1.5258983838
2216,1.4875955853999998
2217,1.4482972926
2218,1.4088989997999999
2219,1.3705962014
2220,1.3311979086
2221,1.2918996158
2222,1.2534968173999999
2223,1.2141985246
2224,1.1758957262
2225,1.1364974334
2226,1.0970991406000001
2227,1.0587963422
2228,1.0194980493999999
2229,0.9800997566299999
2230,0.94179695823
2231,0.90239866543
2232,0.86409586703
2233,0.8247975742300001
2234,0.78539928143
2235,0.74709648303
2236,0.70769818913
2237,0.66839989633
2238,0.62999709793
2239,0.5906988051300001
2240,0.55239600673
2241,0.51299771393
2242,0.47359942113000003
2243,0.43529662273
2244,0.39599832993
2245,0.35769553153000005
2246,0.31829723873000004
2247,0.27889894593000003
2248,0.24059614753000003
2249,0.20129785473
2250,0.16189956193
2251,0.12359676353
2252,0.084198470726
2253,0.045895672325999996
2254,0.0064973795261000005
2255,9.6051990887
2256,9.566896290299999
2257,9.5274979975
2258,9.4880997047
2259,9.4497969063
2260,9.4104986135
2261,9.3721958151
2262,9.3327975223
2263,9.2933992295
2264,9.2550964311
2265,9.2157981383
2266,9.176399845499999
2267,9.1380970471
2268,9.098698754299999
2269,9.0603959559
2270,9.0209976631
2271,8.9816993692
2272,8.943396570800001
2273,8.903998278
2274,8.8645999852
2275,8.8262971868
2276,8.786998894
2277,8.7486960956
2278,8.7092978028
2279,8.66989951
2280,8.6315967116
2281,8.5922984188
2282,8.5539956204
2283,8.5145973276
2284,8.475199034800001
2285,8.436896236399999
2286,8.3974979436
2287,8.3581996508
2288,8.3198968524
2289,8.2804985596
2290,8.2421957612
2291,8.2027974684
2292,8.1634991756
2293,8.1251963772
2294,8.0857980844
2295,8.046399791599999
2296,8.0080969932
2297,7.9687987004
2298,7.9304959020000005
2299,7.891097609199999
2300,7.8516993163999995
2301,7.813396517999999
2302,7.7739982252
2303,7.7346999324
2304,7.696397134
2305,7.6569988412
2306,7.6186960417
2307,7.5792977489
2308,7.5399994561
2309,7.5016966577
2310,7.4622983649000005
2311,7.4239955664999995
2312,7.3845972737
2313,7.3452989809
2314,7.3069961825
2315,7.2675978897
2316,7.228199596900001
2317,7.1898967985
2318,7.150498505700001
2319,7.112195707300001
2320,7.072897414500001
2321,7.033499121699999
2322,6.9951963233
2323,6.9557980305
2324,6.9164997377
2325,6.8781969392999995
2326,6.8387986465
2327,6.8004958481
2328,6.7610975553
2329,6.7217992625
2330,6.6834964641
2331,6.6440981713
2332,6.6046998785
2333,6.5663970801
2334,6.5269987873
2335,6.4886959889
2336,6.4493976961
2337,6.4099994033000005
2338,6.3716966049
2339,6.332298312100001
2340,6.2939955137
2341,6.254697219800001
2342,6.215298927
2343,6.1769961286
2344,6.1375978358
2345,6.0982995429999995
2346,6.0599967446
2347,6.0205984518
2348,5.9822956534000005
2349,5.942897360599999
2350,5.9034990677999994
2351,5.8651962694
2352,5.825897976599999
2353,5.7864996838
2354,5.7481968854
2355,5.7087985926
2356,5.6704957942
2357,5.6311975014
2358,5.5917992086
2359,5.5534964102
2360,5.5140981174
2361,5.474799824600001
2362,5.4364970262
2363,5.3970987334
2364,5.358795935
2365,5.3193976422
2366,5.2799993494
2367,5.241696551
2368,5.2023982582
2369,5.1629999654
2370,5.124697167
2371,5.0852988742
2372,5.0469960758
2373,5.007697783
2374,4.9682994902
2375,4.9299966918
2376,4.8905983979
2377,4.8522955995
2378,4.8129973067
2379,4.7735990139
2380,4.7352962155
2381,4.6958979226999995
2382,4.6564996299
2383,4.6181968315
2384,4.5788985387
2385,4.5405957403
2386,4.5011974475
2387,4.4617991547
2388,4.4234963563
2389,4.3841980635
2390,4.3447997707
2391,4.306496972300001
2392,4.2670986795
2393,4.2287958811
2394,4.1894975883
2395,4.1500992955000005
2396,4.111796497099999
2397,4.0723982043
2398,4.0329999115
2399,3.9946971131
2400,3.9553988202999997
2401,3.9170960219
2402,3.8776977291000003
2403,3.8382994363
2404,3.7999966379
2405,3.7606983451
2406,3.7223955467
2407,3.6829972539
2408,3.6435989611
2409,3.6052961626999998
2410,3.5659978699
2411,3.526599576
2412,3.4882967776
2413,3.4488984848000004
2414,3.4105956863999998
2415,3.3711973936
2416,3.3318991008
2417,3.2935963024
2418,3.2541980095999996
2419,3.2147997168
2420,3.1764969184
2421,3.1371986256
2422,3.0988958272000002
2423,3.0594975344
2424,3.0200992416
2425,2.9817964432
2426,2.9424981504
2427,2.9030998576
2428,2.8647970592000003
2429,2.8253987663999998
2430,2.787095968
2431,2.7476976752
2432,2.7083993824
2433,2.670096584
2434,2.6306982912
2435,2.5912999984000002
2436,2.5529972
2437,2.5136989071999998
2438,2.4753961088
2439,2.435997816
2440,2.3965995232
2441,2.3582967247999997
2442,2.318998432
2443,2.2805956336
2444,2.2412973408
2445,2.201899048
2446,2.1635962484999998
2447,2.1241979557
2448,2.0848996629
2449,2.0465968644999997
2450,2.0071985717
2451,1.9688957733
2452,1.9294974805
2453,1.8901991877000002
2454,1.8518963893
2455,1.8124980965000002
2456,1.7730998037
2457,1.7347970053
2458,1.6954987125
2459,1.6570959141
2460,1.6177976213
2461,1.5783993285
2462,1.5400965300999998
2463,1.5006982373
2464,1.4613999444999999
2465,1.4230971461000002
2466,1.3836988533
2467,1.3453960549000001
2468,1.3059977620999998
2469,1.2666994693
2470,1.2283966709
2471,1.1889983781
2472,1.1506955797
2473,1.1112972869
2474,1.0719989940999999
2475,1.0335961957
2476,0.9942979028899999
2477,0.95489961009
2478,0.91659681169
2479,0.87719851889
2480,0.8388957204899999
2481,0.79959742659
2482,0.7601991337899999
2483,0.7218963353899999
2484,0.68249804259
2485,0.6431997497899999
2486,0.60489695139
2487,0.5654986585899999
2488,0.52719586019
2489,0.4877975673899999
2490,0.44849927459
2491,0.41009647619
2492,0.37079818339000004
2493,0.33139989059
2494,0.29309709219
2495,0.25369879939
2496,0.21539600099
2497,0.17609770819
2498,0.13669941539
2499,0.098396616989
2500,0.058998324189
2501,0.020695525789
2502,11.408397235
2503,11.368998943
2504,11.330696144000001
2505,11.291297851
2506,11.251999559000001
2507,11.21359676
2508,11.174298467
2509,11.135995669000001
2510,11.096597375999998
2511,11.057199082999999
2512,11.018896285
2513,10.979597992
2514,10.940199699
2515,10.901896900999999
2516,10.862498607000001
2517,10.824195809
2518,10.784897516
2519,10.745499223
2520,10.707196425
2521,10.667798132
2522,10.628399839
2523,10.590097041
2524,10.550798748
2525,10.512495949
2526,10.473097657
2527,10.433699364
2528,10.395396565
2529,10.356098272999999
2530,10.31669998
2531,10.278397181
2532,10.238998889
2533,10.20069609
2534,10.161397797000001
2535,10.121999505
2536,10.083696706
2537,10.044298413
2538,10.005995615
2539,9.9665973222
2540,9.9272990294
2541,9.888996231
2542,9.8495979382
2543,9.8101996454
2544,9.771896847
2545,9.732598554199999
2546,9.6942957558
2547,9.654897463
2548,9.6154991702
2549,9.5771963718
2550,9.537898079
2551,9.4984997851
2552,9.4601969867
2553,9.4207986939
2554,9.3824958955
2555,9.3430976027
2556,9.3037993099
2557,9.2654965115
2558,9.2260982187
2559,9.186699925900001
2560,9.1483971275
2561,9.109098834700001
2562,9.070796036299999
2563,9.0313977435
2564,8.9919994507
2565,8.9536966523
2566,8.9143983595
2567,8.8760955611
2568,8.8366972683
2569,8.7972989755
2570,8.7589961771
2571,8.719597884299999
2572,8.680299591499999
2573,8.641996793099999
2574,8.6025985003
2575,8.5642957019
2576,8.5248974091
2577,8.4855991163
2578,8.4472963179
2579,8.4078980251
2580,8.3684997323
2581,8.3301969339
2582,8.2908986411
2583,8.2525958427
2584,8.2131975499
2585,8.1737992571
2586,8.1354964576
2587,8.0960981648
2588,8.056799872000001
2589,8.0184970736
2590,7.9790987808
2591,7.9407959824
2592,7.9013976896
2593,7.8620993968
2594,7.8237965984
2595,7.784398305599999
2596,7.746095507200001
2597,7.706697214400001
2598,7.667398921599999
2599,7.629096123200001
2600,7.5896978304
2601,7.5502995376
2602,7.5119967392
2603,7.4725984464
2604,7.434295647999999
2605,7.3949973552
2606,7.3555990624000005
2607,7.317296263999999
2608,7.2778979712
2609,7.2385996784
2610,7.20029688
2611,7.1608985872
2612,7.1225957888
2613,7.083197496
2614,7.0438992032000005
2615,7.0055964048
2616,6.966198112000001
2617,6.926799819199999
2618,6.8884970208
2619,6.8490987279999995
2620,6.8107959296
2621,6.7714976357
2622,6.7320993429
2623,6.6937965445000005
2624,6.6543982517
2625,6.6150999589
2626,6.5767971605
2627,6.5373988676999994
2628,6.499096069299999
2629,6.4596977765
2630,6.4203994837
2631,6.3820966853
2632,6.3426983925
2633,6.3043955941
2634,6.2649973013
2635,6.225599008500001
2636,6.1872962100999995
2637,6.147997917300001
2638,6.1085996245
2639,6.0702968261
2640,6.0308985333
2641,5.9925957349
2642,5.9532974421
2643,5.9138991493
2644,5.8755963509
2645,5.836198058099999
2646,5.7968997653
2647,5.758596966900001
2648,5.719198674099999
2649,5.6808958757
2650,5.6414975829
2651,5.6020992901
2652,5.5637964917
2653,5.5244981989
2654,5.4850999061
2655,5.4467971077
2656,5.4073988137999995
2657,5.369096015399999
2658,5.3297977225999995
2659,5.2903994298
2660,5.2520966314
2661,5.2126983386
2662,5.1743955402
2663,5.1350972474
2664,5.0956989545999996
2665,5.0573961562
2666,5.0179978634
2667,4.9785995706
2668,4.9402967722
2669,4.9009984794
2670,4.862695681
2671,4.8232973882
2672,4.7838990954
2673,4.745596297
2674,4.7062980042
2675,4.6668997114
2676,4.628596913
2677,4.5891986201999995
2678,4.5508958218
2679,4.511597528999999
2680,4.4721992362
2681,4.4338964378
2682,4.394498145
2683,4.3550998522
2684,4.3167970538
2685,4.277498761
2686,4.2391959626
2687,4.199797669800001
2688,4.160399377
2689,4.1220965786
2690,4.0827982858
2691,4.0433999919
2692,4.0050971935
2693,3.9656989007
2694,3.9273961023000004
2695,3.8880978095
2696,3.8486995167
2697,3.8103967183
2698,3.7709984255
2699,3.7326956270999996
2700,3.6932973343
2701,3.6539990414999997
2702,3.6156962431
2703,3.5762979503
2704,3.5368996575
2705,3.4985968591
2706,3.4592985662999998
2707,3.4209957679
2708,3.3815974751
2709,3.3421991823000003
2710,3.3038963838999997
2711,3.2645980911000003
2712,3.2251997983
2713,3.1868969999
2714,3.1474987070999996
2715,3.1091959087
2716,3.0697976158999998
2717,3.0304993231
2718,2.9921965247
2719,2.9527982319
2720,2.9133999391
2721,2.8750971407
2722,2.8357988479
2723,2.7974960495
2724,2.7580977567000002
2725,2.7186994638999997
2726,2.6803966644
2727,2.6409983716
2728,2.6026955732
2729,2.5633972804
2730,2.5239989875999997
2731,2.4856961892
2732,2.4462978964
2733,2.4069996036
2734,2.3686968052
2735,2.3292985124000003
2736,2.290995714
2737,2.2515974212
2738,2.2122991284
2739,2.17399633
2740,2.1345980372
2741,2.0951997444
2742,2.0568969459999997
2743,2.0174986532
2744,1.9791958548
2745,1.9398975619999999
2746,1.9004992691999998
2747,1.8621964708
2748,1.8227981780000002
2749,1.7834998852000001
2750,1.7451970868
2751,1.7057987940000001
2752,1.6674959956
2753,1.6280977028
2754,1.58879941
2755,1.5504966116
2756,1.5110983188
2757,1.4727955203999998
2758,1.4333972276
2759,1.3939989348
2760,1.3556961363999998
2761,1.3163978425
2762,1.2769995497
2763,1.2386967513
2764,1.1992984585
2765,1.1609956601
2766,1.1216973673000001
2767,1.0822990745
2768,1.0439962761
2769,1.0045979833
2770,0.96529969052
2771,0.9269968921200001
2772,0.8875985993200001
2773,0.8492958009199999
2774,0.8098975081199999
2775,0.7704992153200001
2776,0.73219641692
2777,0.69289812412
2778,0.65349983132
2779,0.6151970329199999
2780,0.57579874012
2781,0.53749594172
2782,0.49819764891999996
2783,0.45879935611999995
2784,0.42049655772
2785,0.38109826492
2786,0.34179997211999996
2787,0.30349717371999996
2788,0.26409888091999995
2789,0.22579608251999997
2790,0.18639778971999998
2791,0.14699949692
2792,0.10869669852
2793,0.069398405717
2794,0.031095607317
2795,11.016697317
2796,10.977299022999999
2797,10.938996224
2798,10.899697932
2799,10.860299639
2800,10.82199684
2801,10.782598548
2802,10.744295749
2803,10.704997456000001
2804,10.665599164
2805,10.627296365
2806,10.587898072
2807,10.54849978
2808,10.510196981
2809,10.470898688
2810,10.43259589
2811,10.393197597
2812,10.353799303999999
2813,10.315496506
2814,10.276198212999999
2815,10.23679992
2816,10.198497122000001
2817,10.159098829
2818,10.120796031
2819,10.081497738
2820,10.042099445
2821,10.003796647
2822,9.9643983541
2823,9.9260955557
2824,9.8866972629
2825,9.8473989701
2826,9.8090961717
2827,9.7696978789
2828,9.730299586100001
2829,9.691996787699999
2830,9.652698494900001
2831,9.614395695399999
2832,9.5749974026
2833,9.5355991098
2834,9.4972963114
2835,9.4579980186
2836,9.4185997258
2837,9.3802969274
2838,9.3408986346
2839,9.3025958362
2840,9.2631975434
2841,9.223899250599999
2842,9.1855964522
2843,9.1461981594
2844,9.1067998666
2845,9.068497068200001
2846,9.0291987754
2847,8.990895977000001
2848,8.9514976842
2849,8.9120993914
2850,8.873796593
2851,8.8344983002
2852,8.7951000074
2853,8.756797209
2854,8.7173989162
2855,8.6790961178
2856,8.639697825
2857,8.6003995322
2858,8.5620967338
2859,8.522698441000001
2860,8.4843956426
2861,8.4449973498
2862,8.405699057
2863,8.3673962586
2864,8.3279979658
2865,8.288599673
2866,8.2502968735
2867,8.2109985807
2868,8.1726957823
2869,8.1332974895
2870,8.093899196699999
2871,8.0555963983
2872,8.0161981055
2873,7.9768998127
2874,7.938597014299999
2875,7.8991987214999995
2876,7.860895923099999
2877,7.8214976303
2878,7.7821993375
2879,7.7438965391
2880,7.7044982463
2881,7.6650999535
2882,7.6267971551
2883,7.5874988623
2884,7.5491960639
2885,7.509797771100001
2886,7.4703994783
2887,7.4320966799
2888,7.3926983871
2889,7.3543955887
2890,7.3150972959
2891,7.2756990031
2892,7.2373962047000004
2893,7.197997911900001
2894,7.1586996191
2895,7.120396820700001
2896,7.080998527899999
2897,7.0426957295
2898,7.0032974367
2899,6.9639991439
2900,6.9256963455
2901,6.8862980516
2902,6.8468997588
2903,6.808596960399999
2904,6.7691986675999996
2905,6.730895869199999
2906,6.6915975763999995
2907,6.6521992836
2908,6.6138964852
2909,6.5744981924
2910,6.5351998996
2911,6.4968971012
2912,6.4574988084000005
2913,6.41919601
2914,6.379797717200001
2915,6.340499424400001
2916,6.302096626
2917,6.2627983332
2918,6.2244955348
2919,6.185097242
2920,6.1456989492
2921,6.1073961508000005
2922,6.068097858
2923,6.0286995652
2924,5.990396766799999
2925,5.9509984739999995
2926,5.912695675599999
2927,5.8733973827999995
2928,5.83399909
2929,5.7956962916
2930,5.7562979988
2931,5.716999706
2932,5.6785969076
2933,5.6392986148
2934,5.6009958164
2935,5.5615975236
2936,5.5221992297
2937,5.4838964313
2938,5.4445981385
2939,5.4051998457
2940,5.3668970473
2941,5.3274987545
2942,5.2891959561
2943,5.2498976633
2944,5.2104993705
2945,5.1721965721
2946,5.1327982793
2947,5.0934999864999995
2948,5.0550971881
2949,5.0157988953
2950,4.9774960969
2951,4.9380978041
2952,4.8986995113
2953,4.8603967129
2954,4.8210984201
2955,4.7827956217
2956,4.7433973288999995
2957,4.7039990361
2958,4.6656962377
2959,4.6263979449
2960,4.586999652099999
2961,4.5486968537
2962,4.5092985609
2963,4.4709957625
2964,4.431597469700001
2965,4.3922991769
2966,4.353996378500001
2967,4.3145980857
2968,4.2751997929000005
2969,4.2368969944999995
2970,4.1975987006
2971,4.1592959022
2972,4.1198976094
2973,4.0804993166
2974,4.0421965182
2975,4.0028982254
2976,3.9634999326
2977,3.9251971342000003
2978,3.8857988413999998
2979,3.847496043
2980,3.8080977502
2981,3.7687994574
2982,3.730496659
2983,3.6910983662
2984,3.6527955677999997
2985,3.613397275
2986,3.5740989822
2987,3.5357961838
2988,3.4963978910000004
2989,3.4569995982
2990,3.4186967998
2991,3.379398507
2992,3.3410957086
2993,3.3016974157999996
2994,3.262299123
2995,3.2239963246
2996,3.1845980318000002
2997,3.145299739
2998,3.1069969406
2999,3.0675986477999997
3000,3.0292958494
3001,2.9898975566000003
3002,2.9505992638
3003,2.9122964654000003
3004,2.8728981726
3005,2.8334998787
3006,2.7951970803
3007,2.7558987875
3008,2.7175959891000003
3009,2.6781976963
3010,2.6387994034999998
3011,2.6004966051
3012,2.5610983123
3013,2.5227955139
3014,2.4834972211
3015,2.4440989283000003
3016,2.4057961299
3017,2.3663978371
3018,2.3270995443
3019,2.2887967459
3020,2.2493984531
3021,2.2110956547
3022,2.1716973619
3023,2.1323990691
3024,2.0940962706999997
3025,2.0546979779
3026,2.0152996851
3027,1.9769968866999998
3028,1.9375985938999998
3029,1.8992957955
3030,1.8599975027000002
3031,1.8205992099000001
3032,1.7822964115
3033,1.7428981187
3034,1.7035998259
3035,1.6652970275
3036,1.6258987347
3037,1.5875959362999998
3038,1.5481976435
3039,1.5088993507
3040,1.4705965512
3041,1.4311982584
3042,1.3917999656
3043,1.3534971672
3044,1.3140988744
3045,1.275796076
3046,1.2364977832
3047,1.1970994904
3048,1.1587966920000001
3049,1.1193983992
3050,1.0810956008
3051,1.041797308
3052,1.0023990152
3053,0.96409621676
3054,0.92469792396
3055,0.88539963116
3056,0.84709683276
3057,0.8076985399600001
3058,0.76939574156
3059,0.7299974487600001
3060,0.69059915596
3061,0.65229635756
3062,0.6129980647600001
3063,0.57359977196
3064,0.5352969735600001
3065,0.49589868076000004
3066,0.45759588236000004
3067,0.41829758956
3068,0.37889929676
3069,0.34059649835999994
3070,0.30119820556
3071,0.26189991276
3072,0.22359711436000002
3073,0.18419882156
3074,0.14589602316
3075,0.10649772926000001
3076,0.067099436463
3077,0.028796638062999997
3078,8.8184983471
3079,8.7801955487
3080,8.7407972559
3081,8.701398963099999
3082,8.6630961647
3083,8.6237978719
3084,8.5843995791
3085,8.546096780700001
3086,8.5066984879
3087,8.468395689500001
3088,8.4290973967
3089,8.3896991039
3090,8.3513963055
3091,8.3119980127
3092,8.2725997199
3093,8.2342969215
3094,8.1949986287
3095,8.1566958303
3096,8.1172975375
3097,8.077899244700001
3098,8.0395964463
3099,8.000298153500001
3100,7.9608998607000006
3101,7.9225970623
3102,7.883198769500001
3103,7.844895971100001
3104,7.805597678300001
3105,7.766199385499999
3106,7.7278965871
3107,7.6884982942999995
3108,7.6491000015
3109,7.6107972031
3110,7.5714989092
3111,7.5331961108000005
3112,7.493797817999999
3113,7.4543995251999995
3114,7.416096726799999
3115,7.3767984339999995
3116,7.338495635599999
3117,7.2990973428
3118,7.25969905
3119,7.2213962516
3120,7.1820979588
3121,7.142699666
3122,7.1043968676
3123,7.064998574800001
3124,7.0266957763999995
3125,6.9872974836
3126,6.9479991908
3127,6.9096963924
3128,6.8702980996
3129,6.8308998068
3130,6.7925970084000005
3131,6.7532987156
3132,6.7149959172
3133,6.675597624400001
3134,6.636199331599999
3135,6.5978965332
3136,6.558598240399999
3137,6.5191999476
3138,6.4808971492
3139,6.4414988564
3140,6.403196058
3141,6.3637977652
3142,6.3244994724
3143,6.286196674
3144,6.2467983812
3145,6.208495581699999
3146,6.1690972889
3147,6.1297989961
3148,6.0914961977
3149,6.0520979049
3150,6.0126996121000005
3151,5.9743968137
3152,5.9350985209000005
3153,5.8966957225
3154,5.857397429700001
3155,5.8179991369
3156,5.7796963385
3157,5.7402980457
3158,5.7009997529
3159,5.6626969545
3160,5.6232986617
3161,5.5849958633000005
3162,5.545597570499999
3163,5.5062992777
3164,5.467996479299999
3165,5.4285981864999995
3166,5.3891998937
3167,5.3508970953
3168,5.3115988025
3169,5.2731960041
3170,5.2338977113
3171,5.1944994185
3172,5.1561966201
3173,5.116798327300001
3174,5.0784955289
3175,5.0391972361
3176,4.9997989433
3177,4.9614961449
3178,4.922097852099999
3179,4.8827995593
3180,4.8444967598
3181,4.805098467
3182,4.7667956686
3183,4.7273973758
3184,4.688099083
3185,4.6496962846
3186,4.6103979918
3187,4.570999699
3188,4.5326969006
3189,4.4932986078
3190,4.4549958094
3191,4.4156975166
3192,4.3762992238
3193,4.3379964254
3194,4.2985981326
3195,4.259299839800001
3196,4.2209970413999995
3197,4.1815987486
3198,4.1432959502
3199,4.1038976574
3200,4.064599364599999
3201,4.0261965662
3202,3.9868982733999996
3203,3.9474999806
3204,3.9091971822000002
3205,3.8697988894
3206,3.8314960910000004
3207,3.7921977982
3208,3.7527995054
3209,3.714496707
3210,3.6750984142000003
3211,3.6367956157999997
3212,3.5974973230000002
3213,3.5580990301999997
3214,3.5197962318
3215,3.4803979379000003
3216,3.4410996451
3217,3.4026968467
3218,3.3633985538999998
3219,3.3250957555
3220,3.2856974627
3221,3.2462991699
3222,3.2079963714999997
3223,3.1686980787
3224,3.1292997859
3225,3.0909969875
3226,3.0515986947000004
3227,3.0132958963
3228,2.9739976035000004
3229,2.9345993107
3230,2.8962965123
3231,2.8568982194999997
3232,2.8175999267000003
3233,2.7791971283
3234,2.7398988355
3235,2.7015960371
3236,2.6621977443000002
3237,2.6227994515
3238,2.5844966531
3239,2.5451983603
3240,2.5068955619
3241,2.4674972691
3242,2.4280989763
3243,2.3897961779
3244,2.3504978851
3245,2.3110995922999997
3246,2.2727967939
3247,2.2333985011
3248,2.1950957027
3249,2.1556974099
3250,2.1163991159999997
3251,2.0780963176
3252,2.0386980248
3253,1.9992997319999999
3254,1.9609969336000002
3255,1.9216986408
3256,1.8833958424000001
3257,1.8439975496
3258,1.8045992568
3259,1.7662964584
3260,1.7269981656
3261,1.6875998728000001
3262,1.6492970744
3263,1.6098987815999999
3264,1.5715959832
3265,1.5321976903999999
3266,1.4928993976
3267,1.4545965991999998
3268,1.4151983063999998
3269,1.376895508
3270,1.3374972152
3271,1.2981989224
3272,1.259896124
3273,1.2204978312
3274,1.1810995384
3275,1.14279674
3276,1.1034984472
3277,1.0651956488
3278,1.025797356
3279,0.98639906316
3280,0.9480962647600001
3281,0.9086979719600001
3282,0.86939967916
3283,0.8310968807600001
3284,0.79169858796
3285,0.75339578846
3286,0.71399749566
3287,0.67469920286
3288,0.63639640446
3289,0.59699811166
3290,0.5575998188600001
3291,0.51929702046
3292,0.47999872766
3293,0.44169592926000006
3294,0.40229763646
3295,0.36289934366
3296,0.32459654526
3297,0.28519825245999997
3298,0.24589995965999997
3299,0.20759716126
3300,0.16819886846
3301,0.12989607005999998
3302,0.09049777726199999
3303,0.051199484462000004
3304,0.012896686062
3305,8.540498395
3306,8.5021955966
3307,8.4627973038
3308,8.423499011
3309,8.3851962126
3310,8.3457979198
3311,8.306399627000001
3312,8.268096828600001
3313,8.2286985358
3314,8.1903957374
3315,8.1510974446
3316,8.1116991518
3317,8.0733963534
3318,8.0339980606
3319,7.994699767799999
3320,7.956396968300001
3321,7.9169986754999995
3322,7.8786958771
3323,7.8392975843
3324,7.7999992915
3325,7.7616964931
3326,7.7222982003
3327,7.6828999075
3328,7.644597109099999
3329,7.6051988163
3330,7.5668960178999995
3331,7.5275977251
3332,7.4881994323
3333,7.4498966339
3334,7.4104983411
3335,7.3721955427
3336,7.3328972499
3337,7.293498957100001
3338,7.2551961587000005
3339,7.2157978659
3340,7.176499573099999
3341,7.1381967747
3342,7.0987984819
3343,7.0604956835
3344,7.0210973907000005
3345,6.9816990979
3346,6.943396299500001
3347,6.9040980067
3348,6.8646997138999994
3349,6.826396915499999
3350,6.7869986227
3351,6.7486958242999995
3352,6.7093975315
3353,6.6699992387
3354,6.6316964403
3355,6.5922981464
3356,6.5529998536
3357,6.5146970552
3358,6.4752987624000005
3359,6.436995963999999
3360,6.3975976712
3361,6.3581993784
3362,6.31989658
3363,6.2805982872
3364,6.2411999944000005
3365,6.202897196
3366,6.163498903200001
3367,6.1251961048000005
3368,6.085897812000001
3369,6.046499519199999
3370,6.0081967208
3371,5.9687984279999995
3372,5.9304956296
3373,5.8911973367999995
3374,5.851799044
3375,5.8134962456
3376,5.7740979528
3377,5.73469966
3378,5.696396861599999
3379,5.6570985688
3380,5.618795770399999
3381,5.5793974776
3382,5.5399991848
3383,5.5016963864
3384,5.4623980936
3385,5.4229998008
3386,5.3846970024
3387,5.3452987096
3388,5.3069959112000005
3389,5.2676976184
3390,5.2282993245
3391,5.1899965261
3392,5.1505982333
3393,5.1111999405
3394,5.0728971420999995
3395,5.0335988493
3396,4.9952960508999995
3397,4.9558977581
3398,4.916499465299999
3399,4.8781966669
3400,4.8388983741
3401,4.8005955757
3402,4.7611972829
3403,4.7217989901
3404,4.6834961917
3405,4.6441978989
3406,4.6047996061
3407,4.5664968077
3408,4.5270985149000005
3409,4.488795716499999
3410,4.4493974237
3411,4.4100991309
3412,4.3717963325
3413,4.3323980397
3414,4.2929997469
3415,4.2546969485
3416,4.2153986557
3417,4.1770958573
3418,4.1376975645
3419,4.0982992717
3420,4.0599964733
3421,4.0206981805
3422,3.9812998876999997
3423,3.9429970893
3424,3.9035987965
3425,3.865295997
3426,3.8258977042
3427,3.7865994113999997
3428,3.748296613
3429,3.7088983202
3430,3.6705955218
3431,3.6311972289999996
3432,3.5918989362000002
3433,3.5535961377999996
3434,3.514197845
3435,3.4747995522000004
3436,3.4364967537999997
3437,3.3971984610000003
3438,3.3587956626
3439,3.3194973698
3440,3.280099077
3441,3.2417962786000003
3442,3.2023979858
3443,3.163099693
3444,3.1247968945999998
3445,3.0853986018
3446,3.0470958033999995
3447,3.0076975106
3448,2.9683992177999996
3449,2.9300964194
3450,2.8906981266000003
3451,2.8512998337999997
3452,2.8129970354
3453,2.7736987425999997
3454,2.7352959442
3455,2.6959976514
3456,2.6565993586000003
3457,2.6182965602
3458,2.5788982674
3459,2.5395999746
3460,2.5012971751
3461,2.4618988823
3462,2.4235960838999997
3463,2.3841977911
3464,2.3448994983
3465,2.3065966999
3466,2.2671984071
3467,2.2288956087000003
3468,2.1894973159
3469,2.1501990231
3470,2.1117962247
3471,2.0724979319
3472,2.0330996391
3473,1.9947968406999999
3474,1.9553985479
3475,1.9170957494999998
3476,1.8777974567
3477,1.8383991639
3478,1.8000963655000002
3479,1.7606980727000001
3480,1.7213997799
3481,1.6830969815
3482,1.6436986887
3483,1.6053958903
3484,1.5659975975
3485,1.5266993047
3486,1.4882965063
3487,1.4489982135
3488,1.4095999206999998
3489,1.3712971223
3490,1.3318988295
3491,1.2935960311
3492,1.2542977383
3493,1.2148994455
3494,1.1765966471
3495,1.1371983531999998
3496,1.0988955548000001
3497,1.059597262
3498,1.0201989692
3499,0.98189617081
3500,0.94249787801
3501,0.90319958521
3502,0.86479678681
3503,0.8254984940100001
3504,0.78719569561
3505,0.7477974028100001
3506,0.70839911001
3507,0.67009631161
3508,0.6307980188100001
3509,0.59139972601
3510,0.5530969276100001
3511,0.5136986348100001
3512,0.47539583641000005
3513,0.43609754361
3514,0.39669925081
3515,0.35839645240999995
3516,0.31899815961
3517,0.27969986681
3518,0.24129706840999998
3519,0.20199877561000001
3520,0.16369597720999998
3521,0.12429768441
3522,0.08489939160700001
3523,0.046596593207
3524,0.0072983004075000005
3525,14.719900010999998
3526,14.681597212
3527,14.642198919
3528,14.603896120999998
3529,14.564597828
3530,14.525199534
3531,14.486896735999998
3532,14.447498442999999
3533,14.409195645
3534,14.369797352
3535,14.330499059000001
3536,14.292196260999999
3537,14.252797968
3538,14.213399675
3539,14.175096877
3540,14.135798584000002
3541,14.097495786
3542,14.058097493
3543,14.0186992
3544,13.980396402
3545,13.941098109
3546,13.901699815999999
3547,13.863397017999999
3548,13.823998725
3549,13.785695925999999
3550,13.746297634000001
3551,13.706999341
3552,13.668696542000001
3553,13.62929825
3554,13.589899957
3555,13.551597158
3556,13.512298865999998
3557,13.473996067
3558,13.434597774
3559,13.395199482
3560,13.356896682999999
3561,13.31759839
3562,13.279295592
3563,13.239897299
3564,13.200499006
3565,13.162196207000001
3566,13.122797914000001
3567,13.083499621
3568,13.045196823
3569,13.00579853
3570,12.967495732
3571,12.928097439
3572,12.888799145999998
3573,12.850496348
3574,12.811098055
3575,12.771699762
3576,12.733396964
3577,12.694098670999999
3578,12.655795872
3579,12.61639758
3580,12.576999287000001
3581,12.538696488
3582,12.499298196
3583,12.459999903
3584,12.421697104000001
3585,12.382298812
3586,12.343996013
3587,12.30459772
3588,12.265299427999999
3589,12.226996629
3590,12.187598335999999
3591,12.149295537999999
3592,12.109897245
3593,12.070598952000001
3594,12.032296154
3595,11.992897861
3596,11.953499568
3597,11.91519677
3598,11.875798477
3599,11.837495679000002
3600,11.798197385
3601,11.758799092
3602,11.720496294
3603,11.681098000999999
3604,11.641799707999999
3605,11.60349691
3606,11.564098617
3607,11.525795819
3608,11.486397526
3609,11.447099233
3610,11.408796435
3611,11.369398142
3612,11.329999849000002
3613,11.291697051
3614,11.252298758
3615,11.213995959000002
3616,11.174697667
3617,11.135299374
3618,11.096996575
3619,11.057598282999999
3620,11.01829999
3621,10.979997190999999
3622,10.940598899000001
3623,10.9022961
3624,10.862897807000001
3625,10.823599515
3626,10.785296716
3627,10.745898423
3628,10.707595625
3629,10.668197332
3630,10.628799039
3631,10.590496241
3632,10.551197947999999
3633,10.511799655
3634,10.473496857
3635,10.434098563
3636,10.395795765
3637,10.356497472000001
3638,10.317099179
3639,10.278796381
3640,10.239398088
3641,10.200099795
3642,10.161796997
3643,10.122398704
3644,10.084095905
3645,10.044697613
3646,10.00529932
3647,9.9669965214
3648,9.9276982286
3649,9.888299935800001
3650,9.8499971374
3651,9.810598844600001
3652,9.7722960462
3653,9.732997753400001
3654,9.6935994606
3655,9.6552966622
3656,9.6158983694
3657,9.577595571
3658,9.5382972782
3659,9.4988989854
3660,9.460596187
3661,9.421197894199999
3662,9.3817996014
3663,9.343496802999999
3664,9.304198510199999
3665,9.265895711799999
3666,9.226497419
3667,9.1870991262
3668,9.1487963278
3669,9.109498035
3670,9.0700997411
3671,9.0317969427
3672,8.9923986499
3673,8.9540958515
3674,8.9147975587
3675,8.8753992659
3676,8.8370964675
3677,8.7976981747
3678,8.758299881900001
3679,8.719997083500001
3680,8.680698790700001
3681,8.6423959923
3682,8.602997699500001
3683,8.5635994067
3684,8.5252966083
3685,8.4859983155
3686,8.4476955171
3687,8.4082972243
3688,8.3688989315
3689,8.3305961331
3690,8.2912978403
3691,8.2518995475
3692,8.213596749099999
3693,8.1741984563
3694,8.135895657899999
3695,8.0964973651
3696,8.0571990723
3697,8.0188962739
3698,7.9794979811
3699,7.9400996883
3700,7.9017968899
3701,7.8624985971
3702,7.8241957987
3703,7.7847975059
3704,7.745399212000001
3705,7.7070964136
3706,7.667798120800001
3707,7.628399827999999
3708,7.590097029600001
3709,7.550698736799999
3710,7.5123959384
3711,7.4729976456
3712,7.4336993528
3713,7.3953965544
3714,7.3559982616
3715,7.3165999688
3716,7.278297170399999
3717,7.2389988776
3718,7.200696079199999
3719,7.1612977864
3720,7.1218994936
3721,7.0835966952
3722,7.0442984024
3723,7.005895604
3724,6.9665973112
3725,6.9271990184000005
3726,6.88889622
3727,6.849497927200001
3728,6.810199634400001
3729,6.771896836
3730,6.7324985432
3731,6.6941957448
3732,6.654797452
3733,6.6154991592
3734,6.5771963608
3735,6.537798068
3736,6.4983997752
3737,6.460096976799999
3738,6.4206986839999995
3739,6.3823958845
3740,6.343097591699999
3741,6.3036992989
3742,6.2653965005
3743,6.2259982077
3744,6.1866999149
3745,6.1483971165
3746,6.1089988237
3747,6.070696025299999
3748,6.0312977325
3749,5.991999439700001
3750,5.9536966413
3751,5.9142983485
3752,5.8759955501
3753,5.8365972573
3754,5.797198964500001
3755,5.7588961661
3756,5.719597873300001
3757,5.680199580499999
3758,5.641896782100001
3759,5.602498489299999
3760,5.5641956909
3761,5.524897398099999
3762,5.4854991053
3763,5.4471963069000005
3764,5.4077980141
3765,5.3684997213
3766,5.3301969229
3767,5.2907986301
3768,5.2524958317
3769,5.2130975389
3770,5.1736992461
3771,5.1353964477
3772,5.0960981549
3773,5.056699862099999
3774,5.0183970626
3775,4.9789987698000004
3776,4.9406959714
3777,4.9013976786
3778,4.8619993858
3779,4.8236965874
3780,4.7842982946
3781,4.7450000018
3782,4.7066972034
3783,4.6672989106000005
3784,4.6289961122
3785,4.5895978194
3786,4.5501995266
3787,4.5118967282
3788,4.4725984354
3789,4.434295637
3790,4.3948973442
3791,4.3554990514
3792,4.3171962530000005
3793,4.2778979602
3794,4.2384996674
3795,4.200196869
3796,4.1607985762
3797,4.122495777799999
3798,4.083197485
3799,4.043799192200001
3800,4.0054963938
3801,3.966098101
3802,3.9266998082
3803,3.8883970098000002
3804,3.849098717
3805,3.8107959186
3806,3.7713976257999997
3807,3.731999333
3808,3.6936965346
3809,3.6543982407
3810,3.6149999479000003
3811,3.5766971494999997
3812,3.5372988567
3813,3.4989960583
3814,3.4596977655
3815,3.4202994727
3816,3.3819966743000003
3817,3.3425983814999998
3818,3.3042955831
3819,3.2648972902999995
3820,3.2255989975
3821,3.1872961991000004
3822,3.1478979063
3823,3.1084996135000003
3824,3.0701968151
3825,3.0308985223000002
3826,2.9925957239
3827,2.9531974311
3828,2.9137991383
3829,2.8754963399
3830,2.8361980471
3831,2.7967997543000003
3832,2.7584969558999997
3833,2.7190986631
3834,2.6807958647
3835,2.6413975719
3836,2.6020992791
3837,2.5637964806999998
3838,2.5243981878999997
3839,2.4849998951
3840,2.4466970967
3841,2.4073988039
3842,2.3690960055000003
3843,2.3296977127000003
3844,2.2902994188
3845,2.2519966204
3846,2.2126983276
3847,2.1743955292
3848,2.1349972364
3849,2.0955989436
3850,2.0572961452
3851,2.0178978524
3852,1.9785995596000001
3853,1.9402967612
3854,1.9008984684
3855,1.86259567
3856,1.8231973772
3857,1.7838990844
3858,1.7455962859999998
3859,1.7061979932
3860,1.6667997004
3861,1.628496902
3862,1.5891986092
3863,1.5508958108000002
3864,1.511497518
3865,1.4720992252
3866,1.4337964268
3867,1.394398134
3868,1.3550998412000002
3869,1.3167970428
3870,1.27739875
3871,1.2390959516
3872,1.1996976588
3873,1.160399366
3874,1.1220965676
3875,1.0826982748
3876,1.043299982
3877,1.0049971836
3878,0.96569889081
3879,0.92739609131
3880,0.8879977985100002
3881,0.8485995057100001
3882,0.81029670731
3883,0.7708984145100001
3884,0.73259561611
3885,0.69329732331
3886,0.6538990305100001
3887,0.61559623211
3888,0.57619793931
3889,0.53689964651
3890,0.49859684811000005
3891,0.45919855531000003
3892,0.42089575691
3893,0.38149746410999996
3894,0.34219917131
3895,0.30389637291
3896,0.26449808011
3897,0.22509978731
3898,0.18679698891
3899,0.14739869611
3900,0.10909589771
3901,0.069797604913
3902,0.030399312113
3903,9.4520965156
3904,9.4126982228
3905,9.37339993
3906,9.3350971316
3907,9.2956988388
3908,9.2573960404
3909,9.2179977476
3910,9.1786994548
3911,9.1403966564
3912,9.1009983636
3913,9.0626955652
3914,9.0232972713
3915,8.983898978500001
3916,8.945596180099999
3917,8.906297887300001
3918,8.866899594500001
3919,8.8285967961
3920,8.7891985033
3921,8.7508957049
3922,8.7115974121
3923,8.6721991193
3924,8.6338963209
3925,8.5944980281
3926,8.5551997353
3927,8.5167969369
3928,8.477498644099999
3929,8.4391958457
3930,8.399797552899999
3931,8.3603992601
3932,8.3220964617
3933,8.2827981689
3934,8.2433998761
3935,8.2050970777
3936,8.1656987849
3937,8.1273959865
3938,8.0880976937
3939,8.0486994009
3940,8.0103966025
3941,7.970998309700001
3942,7.931700016900001
3943,7.8932972185
3944,7.853998925700001
3945,7.8156961273
3946,7.7762978345
3947,7.7368995417
3948,7.6985967433
3949,7.6592984494000005
3950,7.620995651
3951,7.581597358200001
3952,7.542199065399999
3953,7.503896267000001
3954,7.464597974199999
3955,7.4251996814
3956,7.3868968829999995
3957,7.3474985902
3958,7.3091957918
3959,7.269797499
3960,7.2304992062
3961,7.1921964078
3962,7.152798115
3963,7.1133998222
3964,7.0750970238
3965,7.035798731
3966,6.9974959326
3967,6.9580976398
3968,6.918699347
3969,6.8803965486
3970,6.8410982558
3971,6.801699963
3972,6.763397164600001
3973,6.723998871799999
3974,6.6856960734
3975,6.646297780599999
3976,6.6069994878
3977,6.5686966894
3978,6.5292983966
3979,6.4909955982000005
3980,6.4515973054
3981,6.4122990126
3982,6.3739962142
3983,6.334597921399999
3984,6.2951996275
3985,6.2568968291
3986,6.2175985363
3987,6.1792957378999995
3988,6.1398974451
3989,6.1004991523
3990,6.0621963539
3991,6.0227980611000005
3992,5.983499768300001
3993,5.9451969699000005
3994,5.9057986771
3995,5.8674958787
3996,5.8280975859
3997,5.788799293099999
3998,5.7504964947
3999,5.7110982019000005
4000,5.6716999091
4001,5.633397110700001
4002,5.5940988179
4003,5.555796019500001
4004,5.516397726699999
4005,5.4769994339
4006,5.4386966354999995
4007,5.3992983427
4008,5.3609955443
4009,5.3216972515
4010,5.2822989587
4011,5.2439961603
4012,5.2045978675
4013,5.165299574700001
4014,5.1269967763
4015,5.0875984835
4016,5.0492956851
4017,5.0098973923
4018,4.9705990995
4019,4.9322963
4020,4.8928980072
4021,4.8534997144
4022,4.8151969160000005
4023,4.7757986232
4024,4.7374958248
4025,4.698197532
4026,4.6587992392
4027,4.6204964408
4028,4.581098148
4029,4.5417998552
4030,4.5034970568
4031,4.464098764
4032,4.4257959656
4033,4.386397672799999
4034,4.34709938
4035,4.3087965816
4036,4.2693982888
4037,4.229999996
4038,4.1916971976
4039,4.1522989048
4040,4.1139961064
4041,4.0746978136
4042,4.0352995208
4043,3.9969967224
4044,3.9575984296
4045,3.9192956312000002
4046,3.8799973384
4047,3.8405990456
4048,3.8022962472
4049,3.7628979544
4050,3.7235996616
4051,3.6852968632
4052,3.6458985704000004
4053,3.607595772
4054,3.5681974781
4055,3.5287991852999996
4056,3.4904963869
4057,3.4511980941000004
4058,3.4117998013
4059,3.3734970029
4060,3.3340987100999997
4061,3.2957959117
4062,3.2564976188999997
4063,3.2170993261
4064,3.1787965277
4065,3.1393982349000003
4066,3.1000999421
4067,3.0617971437000002
4068,3.0223988508999997
4069,2.9840960525
4070,2.9446977597000004
4071,2.9052994669
4072,2.8669966685
4073,2.8276983757
4074,2.7893955773
4075,2.7499972845
4076,2.7105989917
4077,2.6722961933000002
4078,2.6329979005
4079,2.5935996077000003
4080,2.5552968093
4081,2.5158985165
4082,2.4775957181
4083,2.4382974253
4084,2.3988991325
4085,2.3605963341
4086,2.3211980412999997
4087,2.2817997485
4088,2.2434969501
4089,2.2041986562
4090,2.1658958578
4091,2.126497565
4092,2.0870992722
4093,2.0487964738
4094,2.009498181
4095,1.9700998882
4096,1.9317970897999999
4097,1.8923987969999998
4098,1.8540959986
4099,1.8147977058000002
4100,1.7753994130000001
4101,1.7370966146
4102,1.6976983218000001
4103,1.6593955234
4104,1.6199972306000001
4105,1.5806989378
4106,1.5423961393999999
4107,1.5029978466
4108,1.4635995538
4109,1.4252967554
4110,1.3859984626
4111,1.3476956642
4112,1.3082973714
4113,1.2688990786
4114,1.2305962802
4115,1.1912979874
4116,1.1518996946
4117,1.1135968962
4118,1.0741986034
4119,1.035895805
4120,0.9964975122399999
4121,0.9571992194399999
4122,0.91889642104
4123,0.87949812824
4124,0.84009983434
4125,0.80179703594
4126,0.76249874314
4127,0.7241959447399999
4128,0.6847976519399999
4129,0.64539935914
4130,0.60709656074
4131,0.56779826794
4132,0.52839997514
4133,0.49009717674
4134,0.45069888393999996
4135,0.41239608553999996
4136,0.37299779274000006
4137,0.33369949994000003
4138,0.29539670154
4139,0.25599840874
4140,0.21769561034
4141,0.17829731754
4142,0.13899902474
4143,0.10069622634
4144,0.061297933539999995
4145,0.02189964074
4146,11.602596845
4147,11.563298552000001
4148,11.524895754000001
4149,11.485597461
4150,11.446199168
4151,11.40789637
4152,11.368498077
4153,11.329199784000002
4154,11.290896986
4155,11.251498693
4156,11.213195894000002
4157,11.173797602
4158,11.134499309
4159,11.096196509
4160,11.056798215999999
4161,11.017399924000001
4162,10.979097125
4163,10.939798832000001
4164,10.901396034000001
4165,10.862097741
4166,10.822699448
4167,10.78439665
4168,10.744998357
4169,10.706695559
4170,10.667397266
4171,10.627998973
4172,10.589696175
4173,10.550297882
4174,10.510999588999999
4175,10.472696791
4176,10.433298498
4177,10.394995699999999
4178,10.355597407000001
4179,10.316299114
4180,10.277896316
4181,10.238598023
4182,10.19919973
4183,10.160896932
4184,10.121498639
4185,10.08319584
4186,10.043897548
4187,10.004499255
4188,9.9661964564
4189,9.926798163600001
4190,9.887499870800001
4191,9.8491970724
4192,9.809798779600001
4193,9.7714959812
4194,9.7597955148
